<?xml version="1.0" encoding="UTF-8" standalone="yes"?>
<addon id="plugin.video.dstv.now" name="DStv Now" provider-name="SlyGuy" version="0.17.0">
  <requires>
    <import addon="script.module.slyguy" version="0.63.1"/>
  </requires>
  <extension point="xbmc.python.pluginsource" library="default.py" provides="video">
    <provides>video</provides>
  </extension>
  <extension point="xbmc.addon.metadata">
    <description lang="en">This add-on is currently broken. This is a known issue so no need to report it. There is no ETA on a fix</description>
    <reuselanguageinvoker>true</reuselanguageinvoker>
    <license></license>
    <language/>
    <website></website>
    <news>BROKEN</news>
    <assets>
      <icon>icon.png</icon>
      <fanart>fanart.jpg</fanart>
    </assets>
  </extension>
</addon>
